{"cameraMode":{"drawMode":0,"name":"Shaded","section":"Shading Mode"},"sceneLighting":true,"audioPlay":false,"sceneViewState":{"showFog":true,"showMaterialUpdate":false,"showSkybox":true,"showFlares":true,"showImageEffects":true,"showParticleSystems":true},"in2DMode":false,"pivot":{"x":6.905700206756592,"y":12.573022842407227,"z":5.690463542938232},"rotation":{"x":-0.21480071544647218,"y":0.7376573085784912,"z":-0.27387410402297976,"w":-0.5785542726516724},"size":0.6026066541671753,"orthographic":false}